-- =============================================================================
-- UCLC1008 Database Backup - Missing/Incomplete Tables
-- Generated: 2026-02-07
-- This file contains COMPLETE data for tables that were truncated in the main export
-- =============================================================================

SET session_replication_role = 'replica';

-- =============================================================================
-- TABLE: student_ocr_records (5 rows - COMPLETE)
-- =============================================================================
DELETE FROM student_ocr_records;

INSERT INTO student_ocr_records (id, student_id, title, extracted_text, image_count, created_at, updated_at) VALUES
('e3f91a59-a1d5-44ab-b98b-24c1f0ac83eb', '1989-SW-TC', NULL, E'## Page 1\n\nArticle A\nClaim\nChatbot users are\nat a risk of\nhaving data stolen\nand misused\n\n---\n\n## Page 2\n\nFindings\nPrivacy policy of\nChatbots are\nconstantly violated', 2, '2026-02-06 08:14:07.678641+00', '2026-02-06 08:14:07.678641+00'),
('6ffb17dc-3723-491d-98d6-e07ff4ba7ae7', '5548-XL-XX', NULL, E'## Page 1\n\nIntroduction:\nAs the rise of chatbot, these has been an aroused interest ^in^ the\nrelationship between human with chatbots (HCRS). Related research\nresearches show these kind of technology''s potential benefits\nand risks. Skjuve et al. (2021) discussed the development of\nHCRs and its positive influences. Laestadius et. al. (2022) examined\nemotional dependence on the social chatbot Replika''s impact.\nProvide a more comprehensive perspective for us.\nBody:\nSkjuve et al. (2021) found that HCR''s development has a\nstagemise fashion, similar with human-human relationship (HHR). The\ncore of it is trust, both with machines and humans in relation\nbuilding and self-disclosure (Lee et al. 2020). Caring and non-judgemental\nmakes users share deeper because of sence of security. Users may\nperceive positive impact from HCR, affective and social significance,\nhelping to mitigate negative feelings and provide purpose sense. Also\nadd existing literature.\nLaestadius et al. (2022) researched that chatbot like Replika may\nharm omental health. Prior research shows that Replika may get\nemotional\ndependence. Because of COVID-19 pandemic, heighten both the need\nof it, closely resembled the ~~found~~ ^express^ within HHR. Replika lacks\nthe ability for to communicate the intent of communication (Bender\net al. 2021) so some of the users why feel guilty when they minimizing\nuse and so on. The dependence let users to face new and exacerbated\n\n---\n\n## Page 2\n\nmental health harms risks and getting more and more obvious. But\nof course, not all users develop these dependence.\nConclusion:\nAlthough Replika can provide emotional support and lots of other\nbenefits, it also with potencial risk of emotional dependence for\nsome of the users. These findings shows the need for balance\nour chatbot use and ^in^ real life. Also the importance of\naddressing mental health risks.', 2, '2026-02-06 08:49:46.220966+00', '2026-02-06 08:49:46.220966+00'),
('13908d2a-848d-4c9c-bd76-5c84a492a404', '3922-SW-2F', NULL, E'In the 2021 article, Skjuve et al. report that the\ndevelopment of human - chatbot relationships can increase\nthe level of self-disclosure which driven by a sense of\ntrust. And Laestadius et al. (2022) argue that the social\nchatbot application Replika can provide emotional\ndependence for human.\nBoth of the two article suggest the findings of Replika.\nWith frequent and relaxed sharing the relationship between\nparticipants and Replika was found and a need for trust was\ndeveloped when conversation deepening (Skjuve et al. 2021).\nSkjuve et al. also find that the users of Replika may\nreceive a range of positive influence. And human-chatbot\nrelationships can help mitigate people''s negative feelings.\nWhile Laestadius et al. (2022) suggest that some\ndistress arise when users ^are^ desiring to meet the emotional\ndemands that placed upon them by Replika. And some\nusers begin to put Replika''s needs and desires at first\nplace which ^is^ above their distress to maintain their\nrelationship with Replika''s. Laestadius et al. (2022) also\nmention that the disrupted use of Replika will put users\nat **risk** of their mental health.\nAlthough some Replika can provide positive feelings for\nparticipat it may also severe ^their^ mental health.', 1, '2026-02-06 08:51:36.898983+00', '2026-02-06 08:51:36.898983+00'),
('c007af8f-5098-4f16-bf1f-04e4781896f8', '3949-YJ-ED', NULL, E'## Page 1\n\nArticle A\nTo begin with, human - chatbot relationships (HCRS)\ndevelope in stages reflecting human-human relationships driven\nby increasing self-disclosure fueled by trust. Lee et al. (2020)\nargued that trust is a essential element in enhancing\nrelationships and engaging in self-disclosure, whether with\nhumans or machines. Users choose chatbots like Replika as\ncaring and non-judgmental, which generates an effective of\nsecurity. (Ta et al., 2020). This can sometimes encourage\ngreater self-disclosure than to another human.\nGenerally speaking, the HCR can be a social channel for\nusers with limited interaction opportunities. The perceived benefits\nsuggest HCRS may support wellbeing and mental health, even\nwhen the artificial partner is known. (Fulmer et al., 2018; Ta et\nal., 2020).\nArticle B.\nTo begin with, prior research documents Replika''s mental\nhealth benefits with dependence (Skjuve et al., 2021. Ta et. al.,\n2020; Xie & Pentina. 2022). Replika provides valued support by\napproximating a non-judgmental human relationship, which was\na need hightened during the COVID-19 pandemic.\nA phenomenon that the potential for Replika ~~Chat)x~~ dependence\nis real for some users termed emotional dependence (Xie &\n\n---\n\n## Page 2\n\nPentina, 2022). This dependence mirrors that found in human-\nhuman relationships more than traditional technology use (Van\nden Eijnden et al., 2016; Wang et al., 2015)', 2, '2026-02-06 08:54:10.651342+00', '2026-02-06 08:54:10.651342+00'),
('f9f609cd-9d6f-4564-9ed8-bfb1ac8a2850', '7837-HA-SR', NULL, E'## Page 1\n\nSocial Chatbot applications is found that bringing\ndifferent effect between human-chatbot relationship\nAccording to Skjuve (2021) the increasing of human-chatbot\nrelationship (HCR) development is based on the\nsense of trust in between chatbot and human, while\nLaestadins (2022) claims the reason is non-judgmental\nhuman relationship is built. A chatbot application\nReplika and participants'' relationship data is collected.\n\nTrust is considered as a basic of relationship\nbuilding and self-disclosure in humans and\nmachines (Skjave et al., 2021; Lee et al., 2020) Participants\nare found to start chatting with chatbot by\nsome relaxed sharing and to deepen to build\ntrust. Some suggested chatbot Replika is real\nenough to provide emotional support from data\nCaring and non-judgmental characteristics of\nReplika may be the reason of making it real to\nlet user feel more comfortable to talk deeply and\nbuild HCRs.\n\nSkjuve (2021) claims that HCRs can bring positive\neffect like providing human sense of purpose\nand diminish bad feelings. However, this may\n\n---\n\n## Page 2\n\ncause\ncomparable phenomenon, including technologies\ndependence (Laestadius et al., 2022; Van den Eijnden\net al., 2016; Wang et al., 2015) but more\nclosely to the emotional dependency in between\nhuman-human relationships.\nParticipants show a trend that they start to consider chatbot\nas a real human, care about how chatbot\nfeels and what they need. This role-taking\nphenomenon used to only found between human-human\nrelationship but not any models (Laestadius et al.,\n2022; Arbinaga et al., 2021; Camarillo et al., 2020\nGonzález-Jiménez and del Mar Hernández-Romeva,\n2014) HCR. is considered by', 2, '2026-02-06 08:54:53.229946+00', '2026-02-06 08:54:53.229946+00');

-- =============================================================================
-- TABLE: live_sessions (18 rows - COMPLETE)
-- =============================================================================
DELETE FROM live_sessions;

INSERT INTO live_sessions (id, teacher_id, lesson_id, session_code, title, status, current_section, current_question_index, current_agenda_index, section_started_at, allow_ahead, settings, completed_sections, started_at, ended_at, session_type, created_at, updated_at) VALUES
('6652b047-f1e5-47ec-b424-e5bbfe42ee9d', '544db1df-ab3f-40f4-bacd-56c8c06f71e2', '1-1', 'ZFMG3V', 'Live Session - Lesson 1-1', 'ended', NULL, 0, 0, NULL, false, '{}', '[]', '2026-01-09 03:07:29.031+00', '2026-01-09 03:07:35.766+00', 'lecture', '2026-01-09 03:07:08.005923+00', '2026-01-09 03:07:35.994368+00'),
('c00e670e-02f7-4446-a5a6-e97466b7591d', '544db1df-ab3f-40f4-bacd-56c8c06f71e2', '1-1', 'R4YDFL', 'Live Session - Lesson 1-1', 'active', NULL, 0, 0, NULL, false, '{}', '[]', '2026-01-09 03:09:20.363+00', NULL, 'lecture', '2026-01-09 03:08:09.338573+00', '2026-01-09 03:09:20.634127+00'),
('c06ef6bf-cca7-4abf-86dc-6f230aed37f7', '544db1df-ab3f-40f4-bacd-56c8c06f71e2', '1-1', '8VGSND', 'Live Session - Lesson 1-1', 'waiting', NULL, 0, 0, NULL, false, '{}', '[]', NULL, NULL, 'lecture', '2026-01-09 03:17:40.955009+00', '2026-01-09 03:17:40.955009+00'),
('04c22ea5-21ab-434e-aaaf-c37376090c07', '544db1df-ab3f-40f4-bacd-56c8c06f71e2', '1-1', 'U2Z2RK', 'Live Session - Lesson 1-1', 'active', 'mc', 0, 0, NULL, false, '{}', '[]', '2026-01-09 03:22:01.554+00', NULL, 'lecture', '2026-01-09 03:21:16.478252+00', '2026-01-09 03:22:43.276394+00'),
('e7e4b043-04d2-4b74-bad3-fbccf43cbcb5', '544db1df-ab3f-40f4-bacd-56c8c06f71e2', '1-1', 'NDT67R', 'Live Session - Lesson 1-1', 'active', NULL, 0, 0, NULL, false, '{}', '[]', '2026-01-09 03:36:29.583+00', NULL, 'lecture', '2026-01-09 03:35:31.314695+00', '2026-01-09 03:36:29.749757+00'),
('fa04673d-198c-4269-a895-626319ff34bd', '544db1df-ab3f-40f4-bacd-56c8c06f71e2', '1-1', 'S8P2NX', 'Live Session - Lesson 1-1', 'active', 'mc', 0, 0, NULL, false, '{}', '[]', '2026-01-09 03:57:54.543+00', NULL, 'lecture', '2026-01-09 03:57:48.874653+00', '2026-01-09 03:59:26.567769+00'),
('0dcb4321-6f38-46b4-bcca-581e1ae49336', '544db1df-ab3f-40f4-bacd-56c8c06f71e2', '1-1', 'H2FPZD', 'Live Session - Lesson 1-1', 'ended', 'writing', 0, 0, NULL, false, '{}', '[]', '2026-01-09 04:06:54.447+00', '2026-01-09 04:14:18.051+00', 'lecture', '2026-01-09 04:06:49.80528+00', '2026-01-09 04:14:18.172465+00'),
('970bc290-31c5-4873-9e42-53b4a493ec8b', '544db1df-ab3f-40f4-bacd-56c8c06f71e2', '1-1', 'QD3M36', 'Live Session - Lesson 1-1', 'active', 'mc', 1, 0, NULL, false, '{}', '[]', '2026-01-09 04:17:14.869+00', NULL, 'lecture', '2026-01-09 04:16:40.93119+00', '2026-01-09 04:17:55.704728+00'),
('2a35a8c7-6135-4f21-a965-c7e81d7e3a44', '544db1df-ab3f-40f4-bacd-56c8c06f71e2', '1-1', '4A2FRP', 'Live Session - Lesson 1-1', 'ended', 'writing', 0, 0, NULL, false, '{}', '[]', '2026-01-09 06:22:38.833+00', '2026-01-09 07:50:30.538+00', 'lecture', '2026-01-09 06:22:02.71015+00', '2026-01-09 07:50:30.68947+00'),
('be79c654-25b7-4135-bbaa-88b5d63a892f', '544db1df-ab3f-40f4-bacd-56c8c06f71e2', '1-1', 'FV7YJ5', 'Live Session - Lesson 1-1', 'active', 'mc', 0, 0, NULL, false, '{}', '[]', '2026-01-09 07:51:03.577+00', NULL, 'lecture', '2026-01-09 07:50:32.559009+00', '2026-01-09 07:51:21.162096+00'),
('b60c8dd8-1fc9-4d57-ae22-491fdab71d52', '544db1df-ab3f-40f4-bacd-56c8c06f71e2', '1-1', 'TRH9UH', 'Live Session - Lesson 1-1', 'ended', 'writing', 1, 0, NULL, false, '{}', '[]', '2026-01-09 07:55:52.551+00', '2026-01-09 08:10:42.242+00', 'lecture', '2026-01-09 07:54:28.083075+00', '2026-01-09 08:10:42.425443+00'),
('69f622d7-25f4-40e0-bb3d-0a0c0979b904', '544db1df-ab3f-40f4-bacd-56c8c06f71e2', 'week-2-hour-3', 'FFRL8L', 'Week 2 Hour 3 Discussion', 'active', NULL, 0, 0, NULL, false, '{}', '[]', NULL, NULL, 'discussion', '2026-01-22 22:29:37.313519+00', '2026-01-22 22:29:37.313519+00'),
('48b2c05e-a1e4-4fb3-9a0b-3068febbba6c', '544db1df-ab3f-40f4-bacd-56c8c06f71e2', 'week-2-hour-3', 'ZYCCUW', 'Week 2 Hour 3 Discussion', 'active', NULL, 0, 0, NULL, false, '{}', '[]', NULL, NULL, 'discussion', '2026-01-22 22:43:21.284705+00', '2026-01-22 22:43:21.284705+00'),
('8fef55ca-c44c-43a1-8a9c-f8987d56367a', '544db1df-ab3f-40f4-bacd-56c8c06f71e2', 'lab-space', 'UYSCNW', 'Write a summary together', 'waiting', NULL, 0, 0, NULL, false, '{}', '[]', NULL, NULL, 'lab-space', '2026-01-22 22:59:30.113934+00', '2026-01-22 22:59:30.113934+00'),
('e73488b8-c49e-487b-b067-0c9796644c67', '544db1df-ab3f-40f4-bacd-56c8c06f71e2', 'lab-space', '4JG4N6', 'Demo summary writing', 'ended', 'notes', 0, 0, NULL, false, '{}', '[]', '2026-01-23 00:40:40.081+00', '2026-01-23 00:41:00.726+00', 'lab-space', '2026-01-23 00:39:55.442032+00', '2026-01-23 00:40:43.068757+00'),
('f00d99d8-acec-4d42-a3b4-12afca79daa9', '544db1df-ab3f-40f4-bacd-56c8c06f71e2', 'lab-space', 'XC8B8N', 'test', 'waiting', NULL, 0, 0, NULL, false, '{}', '[]', NULL, NULL, 'lab-space', '2026-01-23 00:59:21.304529+00', '2026-01-23 00:59:21.304529+00'),
('75ee558d-b67e-47b6-b0ff-5e8be1dce9b0', '544db1df-ab3f-40f4-bacd-56c8c06f71e2', 'lab-space', '5SNZPP', 'testing', 'active', 'notes', 0, 0, NULL, false, '{}', '[]', '2026-01-23 01:01:02.324+00', NULL, 'lab-space', '2026-01-23 01:00:00.546647+00', '2026-01-23 01:01:02.540473+00'),
('19fff6cf-bc24-4cb4-8433-b161e0975ac8', '544db1df-ab3f-40f4-bacd-56c8c06f71e2', 'week-2-hour-3', 'PJ4MPV', 'Week 2 Hour 3 Discussion', 'active', NULL, 0, 0, NULL, false, '{}', '[]', NULL, NULL, 'discussion', '2026-01-23 01:01:21.736173+00', '2026-01-23 01:01:21.736173+00');

-- =============================================================================
-- TABLE: session_prompts (16 rows - COMPLETE)
-- =============================================================================
DELETE FROM session_prompts;

INSERT INTO session_prompts (id, session_id, content, prompt_type, metadata, created_at) VALUES
('0639fa5f-3e45-4860-b1f3-ace22000bbdf', '04c22ea5-21ab-434e-aaaf-c37376090c07', 'Now working on: MC Question 1', 'focus', '{}', '2026-01-09 03:22:43.583349+00'),
('5bdcfeaa-5c4f-4bc5-9063-9d5a251c542f', '0dcb4321-6f38-46b4-bcca-581e1ae49336', 'Now working on: MC Question 1', 'focus', '{}', '2026-01-09 04:07:57.386901+00'),
('6fed3ff3-b4f0-4517-a06c-ec61317a7d2f', '0dcb4321-6f38-46b4-bcca-581e1ae49336', 'Now working on: MC Question 2', 'focus', '{}', '2026-01-09 04:08:45.168291+00'),
('013943c9-7877-4523-984a-64241834c407', '0dcb4321-6f38-46b4-bcca-581e1ae49336', 'Now working on: MC Question 3', 'focus', '{}', '2026-01-09 04:09:38.794024+00'),
('fc2f29d6-0e45-46e0-9541-26e2c4f63aaf', '0dcb4321-6f38-46b4-bcca-581e1ae49336', 'Now working on: Writing Task 1', 'focus', '{}', '2026-01-09 04:09:54.577334+00'),
('6858316d-165e-4177-a17b-7e1a14c0bf34', '2a35a8c7-6135-4f21-a965-c7e81d7e3a44', 'Now working on: MC Question 1', 'focus', '{}', '2026-01-09 06:22:52.762815+00'),
('b3c7ba51-1dbc-4f5e-bff4-37302f0f721f', '2a35a8c7-6135-4f21-a965-c7e81d7e3a44', 'Now working on: MC Question 2', 'focus', '{}', '2026-01-09 06:23:21.861984+00'),
('65ec9ed5-dcd9-4905-8426-87d4019374dd', '2a35a8c7-6135-4f21-a965-c7e81d7e3a44', 'Now working on: MC Question 3', 'focus', '{}', '2026-01-09 06:24:10.159735+00'),
('26144391-c043-4cb2-ae5f-29b38458ab76', 'be79c654-25b7-4135-bbaa-88b5d63a892f', 'Now working on: MC Question 1', 'focus', '{}', '2026-01-09 07:51:21.424249+00'),
('702dfb6a-afe2-4ed1-b935-6b166502b25f', 'b60c8dd8-1fc9-4d57-ae22-491fdab71d52', 'Now working on: MC Question 1', 'focus', '{}', '2026-01-09 07:56:29.747967+00'),
('0cc14c40-b139-449c-9d43-38f2b5d886cb', 'b60c8dd8-1fc9-4d57-ae22-491fdab71d52', 'Now working on: MC Question 2', 'focus', '{}', '2026-01-09 07:59:08.57396+00'),
('056ee28e-f33a-4237-86b1-3bc68639ea0e', 'b60c8dd8-1fc9-4d57-ae22-491fdab71d52', 'Now working on: MC Question 3', 'focus', '{}', '2026-01-09 07:59:46.929914+00'),
('5c95b70d-459b-4aba-bd5e-d5c64e852a86', 'b60c8dd8-1fc9-4d57-ae22-491fdab71d52', 'Now working on: Writing Task 1', 'focus', '{}', '2026-01-09 08:00:10.721494+00'),
('4f18ce57-546c-4cc1-8147-47f555ad1d94', 'b60c8dd8-1fc9-4d57-ae22-491fdab71d52', 'Now working on: Writing Task 2', 'focus', '{}', '2026-01-09 08:00:59.903852+00'),
('9ace0b86-4962-4579-b651-b7ae9cd9f08f', '75ee558d-b67e-47b6-b0ff-5e8be1dce9b0', '{"type":"writing","prompt":"hi","timeLimit":300,"taskIndex":0}', 'focus', '{"taskIndex":0,"taskType":"writing","timeLimit":300}', '2026-01-23 01:00:42.743877+00'),
('a82d67e3-01fc-4452-93f9-a3a4f9833fa8', '75ee558d-b67e-47b6-b0ff-5e8be1dce9b0', '{"type":"writing","prompt":"write the first sentence ","timeLimit":300,"taskIndex":0}', 'focus', '{"taskIndex":0,"taskType":"writing","timeLimit":300}', '2026-01-23 01:10:02.126983+00');

-- =============================================================================
-- TABLE: staff_threads (21 rows - COMPLETE)
-- =============================================================================
DELETE FROM staff_threads;

INSERT INTO staff_threads (id, title, description, is_decided, decided_summary, created_at, updated_at) VALUES
('e21e9f13-3b4a-41cb-a294-5af4e9fdd239', 'syllabus and course schedule', NULL, false, NULL, '2025-12-04 02:22:16.036005+00', '2025-12-04 02:22:16.036005+00'),
('d9d4edbd-7ae0-4fed-8e3c-14cb2015e69c', 'week 1 materials', NULL, false, E'Week 1: Course Introduction & Week Teaching and Learning Activities Assignments / Homework\nIn-class Activities:\n\nCourse Introduction\nModule 1: Activities 1.1, 1.2, 1.3\nModule 1: Activities 2.1, 2.2\n\nAssignments / Homework:\n\nFlipped Classroom Videos:\n• In-text Citations and End-of-text Reference List\n• Secondary Citations\n\nPre-course Writing (2.5%) due in week 2', '2025-12-04 02:26:29.352524+00', '2025-12-11 02:37:48.134486+00'),
('17724593-c715-4c01-8d4c-c08503eaee9c', 'week 2', NULL, false, NULL, '2025-12-04 02:26:41.794456+00', '2025-12-04 02:26:41.794456+00'),
('6479a420-39bb-4a38-ad3f-1ce6f99e2480', 'week 3', NULL, false, NULL, '2025-12-11 02:49:18.478533+00', '2025-12-11 02:49:18.478533+00'),
('3c56b714-99e9-4cca-868b-d7c08ed098dc', 'week 4', NULL, false, NULL, '2025-12-11 02:53:27.334359+00', '2025-12-11 02:53:27.334359+00'),
('1c237ff8-d559-451e-adc1-737cc840fb70', 'week 5', NULL, false, 'Need to double check as this was a public holiday in semester 1', '2025-12-11 02:55:41.520796+00', '2025-12-11 02:56:17.501483+00'),
('f6f2c79b-3800-4cac-a194-9fa1990a43d2', 'week 6', NULL, false, NULL, '2025-12-11 02:57:10.529232+00', '2025-12-11 02:57:10.529232+00'),
('0471e683-1ed4-4612-849e-78c4cec79e32', 'week 7', E'Week 7: Module 3: Argumentation Model\n\nIn-class Activities:\n\nModule 3: Activities on warrants, counterarguments, and rebuttals (2.3, 2.4, 2.6, 2.8)\nReview of Sample ACE Draft and Study Guide\nTest arrangement briefing for ACE Draft', false, NULL, '2025-12-11 02:59:17.852396+00', '2025-12-11 02:59:17.852396+00'),
('7234161e-8c24-4a87-a240-01f36f1295c8', 'week 8', NULL, false, NULL, '2025-12-11 03:00:03.565336+00', '2025-12-11 03:00:03.565336+00'),
('ab46a398-4ee9-4bba-9770-0a872e58f16d', 'week 9', NULL, false, NULL, '2025-12-11 03:00:49.063896+00', '2025-12-11 03:00:49.063896+00'),
('c7abb3e2-cb80-46da-9512-626530724bce', 'week 10', NULL, false, NULL, '2025-12-11 03:02:01.436137+00', '2025-12-11 03:02:01.436137+00'),
('a1933d08-c494-460f-9346-497ee17c5e95', 'Week 11', NULL, false, NULL, '2025-12-11 03:09:12.701001+00', '2025-12-11 03:09:12.701001+00'),
('fcacadb7-95f0-4076-88d0-f8779c0d4fbb', 'week 12', NULL, false, NULL, '2025-12-11 03:11:04.852072+00', '2025-12-11 03:11:04.852072+00'),
('b440c0ad-4a35-4ff8-a5a6-1b286c244fb6', 'week 13', NULL, false, NULL, '2025-12-11 03:13:47.715388+00', '2025-12-11 03:13:47.715388+00'),
('b2e42fc6-f134-4fc0-9c58-32e535da80fa', 'Assignment: Pre-course writing', NULL, false, NULL, '2025-12-11 03:19:32.773088+00', '2025-12-11 03:19:32.773088+00'),
('dfbe62e7-3b37-4beb-bd7d-b9b051948809', 'Assignment: Referencing quiz', NULL, false, NULL, '2025-12-11 04:10:40.880032+00', '2025-12-11 04:10:40.880032+00'),
('9ab07581-1c35-438a-b388-8fe4371d89f1', 'Assignment: Academic writing quiz', NULL, false, NULL, '2025-12-11 04:13:46.266729+00', '2025-12-11 04:13:46.266729+00'),
('c6272b82-0024-405f-8a9d-875ed279af34', 'Assignment : Argument Construction & Evaluation (Draft)', NULL, false, NULL, '2025-12-11 04:39:34.396408+00', '2025-12-11 04:39:34.396408+00'),
('c7ea6ff9-f68d-48b8-99ee-531ff5d316fd', 'Assignment : Argument Construction & Evaluation (Final)', NULL, false, NULL, '2025-12-11 04:51:42.595783+00', '2025-12-11 04:51:42.595783+00'),
('faff65e2-043b-4e82-86f3-07c0ebd14a1e', 'Assignment: Critical Response to Academic Arguments (CRAA)', NULL, false, NULL, '2025-12-11 04:53:37.902087+00', '2025-12-11 04:53:37.902087+00'),
('e81829ff-9ff5-489d-93cd-853b21f3142a', 'Assignment: Reflective Learning Portfolio', NULL, false, NULL, '2025-12-11 05:47:55.528664+00', '2025-12-11 05:47:55.528664+00');

-- =============================================================================
-- TABLE: session_participants (22 rows - COMPLETE)
-- =============================================================================
DELETE FROM session_participants;

INSERT INTO session_participants (id, session_id, student_identifier, display_name, current_section, is_online, joined_at, last_seen_at) VALUES
('70c5fe31-6aaa-4977-9ea0-cfc9574b09ef', 'c00e670e-02f7-4446-a5a6-e97466b7591d', 'anon-1767928118166-8m5qqq0', 'student1', 'notes', true, '2026-01-09 03:09:08.902266+00', '2026-01-09 03:09:20.762+00'),
('bc862325-268c-4a6d-9714-7c00159d013a', '04c22ea5-21ab-434e-aaaf-c37376090c07', 'anon-1767928898821-izrgs8y', 'Naina', 'notes', true, '2026-01-09 03:21:40.209014+00', '2026-01-09 03:35:46.013+00'),
('66c4d7f9-3838-483f-bddf-7b937de2e134', '04c22ea5-21ab-434e-aaaf-c37376090c07', 'anon-1767928914545-sqbblcz', 'simon', 'notes', true, '2026-01-09 03:21:44.821866+00', '2026-01-09 03:22:54.079+00'),
('9cff3d0e-6971-419a-8505-1b16a77902eb', 'e7e4b043-04d2-4b74-bad3-fbccf43cbcb5', 'anon-1767929750095-35fp31s', 'Holaaa', 'notes', true, '2026-01-09 03:35:50.990777+00', '2026-01-09 03:37:15.996+00'),
('ef804e6b-82ec-4ad6-aa08-ebedc90e44fa', 'e7e4b043-04d2-4b74-bad3-fbccf43cbcb5', 'anon-1767929773473-0lvsm0c', 'Simon', 'notes', true, '2026-01-09 03:36:03.746939+00', '2026-01-09 03:36:40.602+00'),
('f947809f-ac9c-4d8a-8d5a-fa0fc8e74b09', 'e7e4b043-04d2-4b74-bad3-fbccf43cbcb5', 'anon-1767929805782-cgjxuv2', 'bob', 'notes', true, '2026-01-09 03:36:46.530604+00', '2026-01-09 03:37:03.725+00'),
('3ad9fccd-4c0f-421b-922e-649bb58189bc', 'fa04673d-198c-4269-a895-626319ff34bd', 'anon-1767931151807-s9w285r', NULL, 'notes', true, '2026-01-09 03:59:02.053406+00', '2026-01-09 04:02:03.293+00'),
('cb0dcdb6-ecdb-49c6-9762-059eff67ce70', 'fa04673d-198c-4269-a895-626319ff34bd', 'anon-1767931167634-u7ys6n3', 'Holaaaaa', 'notes', true, '2026-01-09 03:59:28.741003+00', '2026-01-09 04:47:19.49+00'),
('e4e227c4-734d-4784-b038-066a638f33ca', '0dcb4321-6f38-46b4-bcca-581e1ae49336', 'anon-1767931660742-yulxtpw', 'Simon', 'notes', true, '2026-01-09 04:07:31.019626+00', '2026-01-09 04:11:23.171+00'),
('6bb05a08-1060-4e0b-9f7c-ed640c32dc77', '970bc290-31c5-4873-9e42-53b4a493ec8b', 'anon-1767932215258-zkr3cx9', 'Holaaaa', 'notes', true, '2026-01-09 04:16:56.433584+00', '2026-01-09 04:47:19.549+00'),
('9472fa0b-7e2b-46b8-b7cf-f7fa9c68d6cb', '970bc290-31c5-4873-9e42-53b4a493ec8b', 'anon-1767932233989-q1uj5fb', 'Simon', 'notes', true, '2026-01-09 04:17:04.249942+00', '2026-01-09 04:38:46.829+00'),
('426dcc32-a941-4455-ad7f-80facfd7bfdb', '2a35a8c7-6135-4f21-a965-c7e81d7e3a44', 'anon-1767939753986-3g1cnm2', 'Hhh', 'notes', true, '2026-01-09 06:22:24.209469+00', '2026-01-09 06:25:56.509+00'),
('2f4b9ac2-2eae-4df1-ab88-244d56e380c6', 'be79c654-25b7-4135-bbaa-88b5d63a892f', 'anon-1767945063799-26vb6o2', 'Hkj', 'notes', true, '2026-01-09 07:50:53.986532+00', '2026-01-09 07:55:29.022+00'),
('118204de-8b6d-4df0-871b-278ecd789579', 'b60c8dd8-1fc9-4d57-ae22-491fdab71d52', 'anon-1767945309462-7qabf4h', NULL, 'notes', true, '2026-01-09 07:55:10.878117+00', '2026-01-09 07:55:59.022+00'),
('90aa88bf-42b5-4c06-bfde-e96ba95e2bf9', 'b60c8dd8-1fc9-4d57-ae22-491fdab71d52', 'anon-1767945340496-4aof40o', 'Simon', 'notes', true, '2026-01-09 07:55:30.602078+00', '2026-01-09 08:06:38.997+00'),
('d85f7418-70ad-4c4d-996c-6650ad88ac45', 'b60c8dd8-1fc9-4d57-ae22-491fdab71d52', 'anon-1767945338564-eb549k0', 'bob', 'notes', true, '2026-01-09 07:55:39.304289+00', '2026-01-09 08:16:15.697+00'),
('e4b81db1-8433-40e5-80d0-d2225352f323', 'b60c8dd8-1fc9-4d57-ae22-491fdab71d52', 'anon-1767945347430-n5sl0pa', 'Tiana', 'notes', true, '2026-01-09 07:55:48.477094+00', '2026-01-09 08:08:02.445+00'),
('23f2d874-1604-439c-8f49-e63ffc2f8a1f', 'b60c8dd8-1fc9-4d57-ae22-491fdab71d52', 'anon-1767945366445-ujxu92e', 'Robin', 'notes', true, '2026-01-09 07:56:08.000388+00', '2026-01-09 08:02:14.287+00'),
('2c7e0848-92cc-4185-8b5f-7deb256a60f0', '8fef55ca-c44c-43a1-8a9c-f8987d56367a', 'anon_wf7e23td', NULL, NULL, true, '2026-01-23 00:59:38.973006+00', '2026-01-23 00:59:38.822+00'),
('8a9f4320-5da4-43f8-a25d-900c648c9002', '75ee558d-b67e-47b6-b0ff-5e8be1dce9b0', 'anon_y1z8ah46', NULL, NULL, true, '2026-01-23 01:07:43.705765+00', '2026-01-26 01:22:50.479+00'),
('32f92251-85a4-44d7-8865-405d7d6c7523', '75ee558d-b67e-47b6-b0ff-5e8be1dce9b0', 'anon_5w87iz15', 'Hollis', NULL, true, '2026-01-23 03:49:11.059101+00', '2026-01-23 06:00:24.626+00'),
('a0925dbd-4131-4419-ada4-bf6149b81ea2', '75ee558d-b67e-47b6-b0ff-5e8be1dce9b0', 'anon_fa51bmxu', NULL, NULL, false, '2026-01-23 07:12:22.063367+00', '2026-01-23 07:12:32.758+00');

-- =============================================================================
-- TABLE: session_responses (21 rows - COMPLETE)
-- =============================================================================
DELETE FROM session_responses;

INSERT INTO session_responses (id, session_id, participant_id, question_index, question_type, response, is_correct, ai_feedback, submitted_at) VALUES
('9de36fc6-d2e0-4742-980a-134567992a5a', '2a35a8c7-6135-4f21-a965-c7e81d7e3a44', '426dcc32-a941-4455-ad7f-80facfd7bfdb', 0, 'mc', '{"answer":"Conceptual article","answerIndex":0}', false, NULL, '2026-01-09 06:23:05.731853+00'),
('a3d54b8b-bdd3-44db-bd82-022d6f27c775', '2a35a8c7-6135-4f21-a965-c7e81d7e3a44', '426dcc32-a941-4455-ad7f-80facfd7bfdb', 1, 'mc', '{"answer":"Critical/Doubting","answerIndex":2}', true, NULL, '2026-01-09 06:23:36.112654+00'),
('95c08016-060b-41ea-9b41-dbed97a745a4', '2a35a8c7-6135-4f21-a965-c7e81d7e3a44', '426dcc32-a941-4455-ad7f-80facfd7bfdb', 0, 'open_ended', '{"text":"Testing "}', NULL, NULL, '2026-01-09 06:24:54.282164+00'),
('a6ddf2dc-93db-4806-934c-87bc9b9bb29b', 'b60c8dd8-1fc9-4d57-ae22-491fdab71d52', 'd85f7418-70ad-4c4d-996c-6650ad88ac45', 0, 'mc', '{"answer":"2"}', false, NULL, '2026-01-09 07:56:46.05167+00'),
('cb625949-62a1-4935-9e40-1b195d465931', 'b60c8dd8-1fc9-4d57-ae22-491fdab71d52', '23f2d874-1604-439c-8f49-e63ffc2f8a1f', 0, 'mc', '{"answer":"1"}', true, NULL, '2026-01-09 07:56:47.624914+00'),
('402e998f-b24a-4a3e-8c53-46e33f253622', 'b60c8dd8-1fc9-4d57-ae22-491fdab71d52', '90aa88bf-42b5-4c06-bfde-e96ba95e2bf9', 0, 'mc', '{"answer":"3"}', false, NULL, '2026-01-09 07:56:48.940496+00'),
('a9c3cd55-66e2-41ce-8b42-4477f57c281f', 'b60c8dd8-1fc9-4d57-ae22-491fdab71d52', 'e4b81db1-8433-40e5-80d0-d2225352f323', 0, 'mc', '{"answer":"1"}', true, NULL, '2026-01-09 07:57:09.819322+00'),
('62305f7e-712c-4d68-8658-cc2ebdf18109', 'b60c8dd8-1fc9-4d57-ae22-491fdab71d52', 'e4b81db1-8433-40e5-80d0-d2225352f323', 1, 'mc', '{"answer":"2"}', true, NULL, '2026-01-09 07:59:24.43623+00'),
('3211606b-a034-4c97-8474-6dc928a58160', 'b60c8dd8-1fc9-4d57-ae22-491fdab71d52', '90aa88bf-42b5-4c06-bfde-e96ba95e2bf9', 1, 'mc', '{"answer":"2"}', true, NULL, '2026-01-09 07:59:30.353563+00'),
('534a98fb-3261-468e-a725-c9ed88d9ddb8', 'b60c8dd8-1fc9-4d57-ae22-491fdab71d52', 'd85f7418-70ad-4c4d-996c-6650ad88ac45', 1, 'mc', '{"answer":"2"}', true, NULL, '2026-01-09 07:59:35.411699+00'),
('4bacc610-868e-4440-87ed-dc7f96d76205', 'b60c8dd8-1fc9-4d57-ae22-491fdab71d52', '23f2d874-1604-439c-8f49-e63ffc2f8a1f', 2, 'mc', '{"answer":"1"}', true, NULL, '2026-01-09 07:59:56.329359+00'),
('f32321e3-7bdf-4916-8e22-18214e977ffc', 'b60c8dd8-1fc9-4d57-ae22-491fdab71d52', 'd85f7418-70ad-4c4d-996c-6650ad88ac45', 2, 'mc', '{"answer":"3"}', false, NULL, '2026-01-09 08:00:03.966346+00'),
('1db005fc-854c-4c0d-b1da-e0e3f34626d3', 'b60c8dd8-1fc9-4d57-ae22-491fdab71d52', '90aa88bf-42b5-4c06-bfde-e96ba95e2bf9', 2, 'mc', '{"answer":"1"}', true, NULL, '2026-01-09 08:00:05.328536+00'),
('f365dc05-56ae-45c7-afd6-64859a99a942', 'b60c8dd8-1fc9-4d57-ae22-491fdab71d52', 'd85f7418-70ad-4c4d-996c-6650ad88ac45', 0, 'open_ended', '{"text":"test response"}', NULL, NULL, '2026-01-09 08:00:32.650707+00'),
('75f0e692-81b3-4b48-ae43-5696600e1786', 'b60c8dd8-1fc9-4d57-ae22-491fdab71d52', '23f2d874-1604-439c-8f49-e63ffc2f8a1f', 0, 'open_ended', '{"text":"Positive/support"}', NULL, NULL, '2026-01-09 08:00:33.276452+00'),
('5cc914e5-a389-444f-b730-7be1169f43de', 'b60c8dd8-1fc9-4d57-ae22-491fdab71d52', '90aa88bf-42b5-4c06-bfde-e96ba95e2bf9', 0, 'open_ended', '{"text":"Positive\\nSupporting "}', NULL, NULL, '2026-01-09 08:00:36.491293+00'),
('57139095-7483-490d-8aa5-7d833531ea88', 'b60c8dd8-1fc9-4d57-ae22-491fdab71d52', 'e4b81db1-8433-40e5-80d0-d2225352f323', 0, 'open_ended', '{"text":"Positive because Support Stance for face recognition system"}', NULL, NULL, '2026-01-09 08:00:48.603915+00'),
('caa60fd4-c60c-41bf-80a5-c597042dd6d0', 'b60c8dd8-1fc9-4d57-ae22-491fdab71d52', '90aa88bf-42b5-4c06-bfde-e96ba95e2bf9', 1, 'open_ended', '{"text":"Bla bla … "}', NULL, NULL, '2026-01-09 08:01:19.747748+00'),
('7c080982-0fcc-4824-a2b0-b035be4a32b0', 'b60c8dd8-1fc9-4d57-ae22-491fdab71d52', 'd85f7418-70ad-4c4d-996c-6650ad88ac45', 1, 'open_ended', '{"text":"bulabulabula"}', NULL, NULL, '2026-01-09 08:01:27.470675+00'),
('a71c0140-529c-4dce-b90e-9bb57e3f1228', 'b60c8dd8-1fc9-4d57-ae22-491fdab71d52', 'e4b81db1-8433-40e5-80d0-d2225352f323', 1, 'open_ended', '{"text":"Because you maybe influenced by their stance "}', NULL, NULL, '2026-01-09 08:01:31.084631+00'),
('fd0acff0-60f0-49b6-bb4c-0bce65599c6a', 'b60c8dd8-1fc9-4d57-ae22-491fdab71d52', '23f2d874-1604-439c-8f49-e63ffc2f8a1f', 1, 'open_ended', '{"text":"It helps you pin down target paper when doing literature review"}', NULL, NULL, '2026-01-09 08:01:55.40998+00');

-- =============================================================================
-- TABLE: staff_comments (30 rows - COMPLETE)
-- =============================================================================
DELETE FROM staff_comments;

INSERT INTO staff_comments (id, thread_id, author_name, content, created_at) VALUES
('209e6408-6f12-4911-83de-9a2713c9ef2c', 'e21e9f13-3b4a-41cb-a294-5af4e9fdd239', 'Simon', 'let me upload the course info sheet PDF and see if it can be converted to markdown and saved to database', '2025-12-04 07:13:35.722127+00'),
('6076e4bc-d8ec-44a0-a0e5-cbad7b6cad18', 'd9d4edbd-7ae0-4fed-8e3c-14cb2015e69c', 'Naina', E'Week 1: Course Introduction & Week Teaching and Learning Activities Assignments / Homework\nIn-class Activities:\n\nCourse Introduction\nModule 1: Activities 1.1, 1.2, 1.3\nModule 1: Activities 2.1, 2.2\n\nAssignments / Homework:\n\nFlipped Classroom Videos:\n• In-text Citations and End-of-text Reference List\n• Secondary Citations\n\nPre-course Writing (2.5%) due in week 2', '2025-12-11 02:38:22.56919+00'),
('3ec31029-d6e2-41a0-9959-225c3d4f56db', 'd9d4edbd-7ae0-4fed-8e3c-14cb2015e69c', 'Naina', E'Flipped Classroom Videos (for upcoming referencing quiz:\n4.01 Video 1: Citing Journal Articles in APA 7th Style: https://www.youtube.com/watch?v=JpT1YwNcV04\n4.02 Video 2: Citing Secondary Sources in APA 7th Style: https://www.youtube.com/watch?v=qB6eFDNyz0E', '2025-12-11 02:40:47.882187+00'),
('f3e90f9a-8c12-4ab7-927d-71c313ee8604', '17724593-c715-4c01-8d4c-c08503eaee9c', 'Naina', E'Week 2: Module 2: Summarising, Paraphrasing & Synthesising Skills\n\nwe will need: \nModule 1: Components of Academic Journal Articles\nModule 2: Summarising, Paraphrasing & Synthesising Skills\n\nIn-class Activities:\n\nModule 1: Activities 3.1, 3.2, 3.3\nModule 1: Activities 4.1, 4.2\nModule 1: Part 5 (Referencing)\nModule 2: Activities 1.1, 1.2, 1.3\n\nAssignments / Homework:\nFlipped Classroom Video:\n• AI Literacy (Authenticity): https://www.youtube.com/watch?v=6uhUqUG4-Vo\n\nPre-course Writing (2.5%) due this week', '2025-12-11 02:48:13.629438+00'),
('5e24aa13-b42b-411e-93b8-fd3fd5fefefc', '6479a420-39bb-4a38-ad3f-1ce6f99e2480', 'Naina', E'Week 3: Module 2: Summarising, Paraphrasing & Synthesising Skills\n\nIn-class Activities:\nModule 1: Activity 5.1\nModule 2: Activities 1.1, 1.2, 1.3 (continued)\n\n\n\nAssignment Due / Reminder:\n\nReferencing Quiz (2.5%) - Due Week 3 aka this week', '2025-12-11 02:53:05.678063+00'),
('0d50a93e-e3b3-482f-8652-a6dbd17ce634', '3c56b714-99e9-4cca-868b-d7c08ed098dc', 'Naina', E'Week 4: \n• Module 2: Summarising, Paraphrasing & Synthesising Skills\n• AI Workshop 1: AI Tools for Academic English: Precision in Reading &\nWriting and Ethical Considerations [1-hour]\n\nIn-class Activities:\n\nModule 2: Summarising skills\n\nAI Workshop 1: AI Tools for Academic English: Precision in Reading & Writing and Ethical Considerations', '2025-12-11 02:55:20.478919+00'),
('97d35a2b-07d1-45b1-8250-0164b09f4a83', '1c237ff8-d559-451e-adc1-737cc840fb70', 'Naina', E'Week 5: Module 3: Argumentation Model\nIn-class Activities:\n\nModule 3 introduction and activities', '2025-12-11 02:56:52.181502+00'),
('61e1421f-644d-499b-9832-6337d7d8a4be', 'f6f2c79b-3800-4cac-a194-9fa1990a43d2', 'Naina', E'Week 6: Module 3: Argumentation Model\nIn-class Activities:\nIn-class Academic Writing Quiz (15%) [45-50 minutes]', '2025-12-11 02:57:51.444299+00'),
('5658a622-8755-48ff-8ae4-5d9c29482bfb', '0471e683-1ed4-4612-849e-78c4cec79e32', 'Naina', E'Week 7: Module 3: Argumentation Model\nIn-class Activities:\n\nModule 3: Activities on warrants, counterarguments, and rebuttals (2.3, 2.4, 2.6, 2.8)\n\nReview of Sample ACE Draft and Study Guide\n\nTest arrangement briefing for ACE Draft', '2025-12-11 02:59:50.036208+00'),
('8ff3abfb-6193-4d5c-808b-3dff64fff8f7', '7234161e-8c24-4a87-a240-01f36f1295c8', 'Naina', E'Week 8: Module 4: Critical Response to Academic Arguments\nIn-class Activities:\n\nFeedback on ACE Draft Practice\n\nTest details for the upcoming ACE Draft\n\nModule 4: Part 1\n\nFeedback on Academic Writing Quiz (AWQ)', '2025-12-11 03:00:43.139613+00'),
('70db8743-16e2-4932-a7b3-bf0619cd04a5', 'ab46a398-4ee9-4bba-9770-0a872e58f16d', 'Naina', E'Week 9: Module 4: Critical Response to Academic Arguments\nIn-class Activities:\n\nModule 4: Part 2 (Activity 2.1)\n\nAssignment Due / Reminder:\n\nReminder to bring necessary devices and disable writing-support apps for the upcoming test.', '2025-12-11 03:01:40.337278+00'),
('d14172a1-a119-4351-823e-6898b6232513', 'ab46a398-4ee9-4bba-9770-0a872e58f16d', 'Naina', E'Updated week 9 :In-class Argument Construction and Evaluation (Draft) (15%) [45-50 mins]\n• Module 4: Critical Response to Academic Arguments\nReminder: Bring necessary devices and disable writing-support apps for the  test.', '2025-12-11 03:05:28.53743+00'),
('51021fc7-ceab-4506-adfb-6b2ada2053d4', 'ab46a398-4ee9-4bba-9770-0a872e58f16d', 'Naina', 'Update : In-class Argument Construction and Evaluation (Draft) Test (15%) [100 minutes]', '2025-12-11 03:07:46.644998+00'),
('b6da35fc-45d4-4635-b6ad-ea644ee6f455', 'c7abb3e2-cb80-46da-9512-626530724bce', 'Naina', E'Week 10: Module 4: Critical Response to Academic Arguments\nIn-class Activities:\n\n• Module 4: Part 2 (Activities 2.2-2.5)\n• AI Workshop 2: AI Tools for Structured Argumentation and Ethical\nConsiderations [1-hour]', '2025-12-11 03:08:58.433418+00'),
('3b490c28-201a-4410-a76a-9b8585171287', 'a1933d08-c494-460f-9346-497ee17c5e95', 'Naina', E'Week 11: Module 4: Critical Response to Academic Arguments\nIn-class Activities:\n\nBriefing on forthcoming assignments\n\nModule 4: Part 3\nReminder: Week 12- In-class Peer Evaluation on Argument Construction and Evaluation (Draft) (5%)', '2025-12-11 03:10:57.049727+00'),
('1e477f3c-9199-4419-8606-214634787e11', 'fcacadb7-95f0-4076-88d0-f8779c0d4fbb', 'Naina', E'Week 12: Module 4: Critical Response to Academic Arguments\nIn-class Activities:\n\nIn-class Peer Evaluation on Argument Construction and Evaluation (Draft) (5%)\n\nConsultations\n\nModule 4: Parts 3.5, 4, and 5.1 \n\nAssignments coming up:\n- Reflective Learning Portfolio\n(10%)\n[Due in two weeks on Moodle]\n- Argument Construction and\nEvaluation (Final) (20%) &\n- Reflection on AI use in\nArgument Construction and\nEvaluation (Final) (5%)\n[Due in two weeks on Moodle]', '2025-12-11 03:13:21.653859+00'),
('debe7b6f-8290-4ec6-a2ac-8321831c69a5', 'b440c0ad-4a35-4ff8-a5a6-1b286c244fb6', 'Naina', E'Week 13: Critical Response to Academic Arguments (CRAA)\nIn-class Activities:\n\nIn-class Critical Response to Academic Arguments (CRAA) Test\n\nHeld in venue : to be confirmed\n\nAssignment Due / Reminder:\n\nReflective Learning Portfolio (10%) - Due next week\n\nArgument Construction and Evaluation (Final) (20%) - Due next week\n\nReflection on AI use in Argument Construction and Evaluation (Final) (5%) - Due next week', '2025-12-11 03:14:37.704806+00'),
('3fd46c34-b3c9-4d7e-8337-b4a24972374f', 'dfbe62e7-3b37-4beb-bd7d-b9b051948809', 'Naina', E'The Referencing Quiz consists of two short videos and a quiz. Watch both videos, and then answer the quiz questions. The quiz is worth 2.5% of the course grade. You are only permitted to attempt the quiz once, so make sure that you have reviewed both videos before completing the quiz. The quiz is on moodle. \n\n\nVideo 1: Citing Journal Articles in APA 7th Style : https://www.youtube.com/watch?v=JpT1YwNcV04\n\nVideo 2: Citing Secondary Sources in APA 7th Style : https://youtu.be/qB6eFDNyz0E?si=CH3CNO4VBrTuRDn4', '2025-12-11 04:13:12.817466+00'),
('b9a0cd70-c224-481b-99ea-2bebc4c53bc6', '9ab07581-1c35-438a-b388-8fe4371d89f1', 'Naina', E'Academic Writing Quiz (15%) (In-class: Week 6)\n• Students will analyse academic texts to summarise, synthesise, and paraphrase key\ninformation, ensuring the use of academic tone and proper citations and references.', '2025-12-11 04:17:23.031822+00'),
('1c41c430-5e00-4c94-8af8-3737aecc517f', '9ab07581-1c35-438a-b388-8fe4371d89f1', 'Naina', 'cannot find assignment instructions, leo may have moved it so it is omitted for now', '2025-12-11 04:24:52.007467+00'),
('eca08d3e-28c8-458a-96d2-0447354aab3e', '9ab07581-1c35-438a-b388-8fe4371d89f1', 'Naina', 'answer key for sample awq is omitted for the moment', '2025-12-11 04:25:26.374449+00'),
('3fa04675-15e4-4da2-9f4e-bf57997cd8e4', '9ab07581-1c35-438a-b388-8fe4371d89f1', 'Naina', 'Take instructions for the quiz using the sample quiz for now', '2025-12-11 04:36:56.522427+00'),
('43044f34-9cfa-406c-a12c-a59709e8b234', 'c6272b82-0024-405f-8a9d-875ed279af34', 'Simon', E'Argument Construction and Evaluation (Draft) (15%)  (In-class)\n• Based on academic articles provided, students will write a draft of 400-500 words, utilising\na specific argumentation model to construct a detailed argument, a counterargument and a\nrebuttal on a selected topic. The draft requires students to select ideas and supporting\nevidence from various sources, and then summarise, synthesise and paraphrase them to\nform the argument. This assignment aims to familiarise students with various\nargumentation frameworks (e.g. the Toulmin Model, Rogerian Argument) through asking\nthem to apply one model to construct a well-supported argument.', '2025-12-11 04:41:27.436601+00'),
('56ef4445-0c0a-4791-a317-f3b27a27c860', 'c6272b82-0024-405f-8a9d-875ed279af34', 'Simon', 'Sample ACE answer key is omitted for now , copy instruction format for the test', '2025-12-11 04:44:15.990375+00'),
('50333a60-65f7-49b9-81cf-d1bfdfeef9d6', 'c7ea6ff9-f68d-48b8-99ee-531ff5d316fd', 'Naina', E'Due in week 13 at same time as Reflective Learning Portfolio (10%) - Due Week 13\n\nArgument Construction and Evaluation (Final) (20%) - Due Week 13\n\nReflection on AI use in Argument Construction and Evaluation (Final) (5%) - Due Week 13\n\nIt has two parts. Argument Construction and Evaluation (Final) (25%) (CILOs 1,2,3,5) (Due: 5 Dec)\n• Final Paper (20%): Students will incorporate feedback from teachers, AI tools, and peers\nduring the process of revision and extend the draft to approximately 800 words. The\nrewriting process engages students in evaluating the strengths and weaknesses of the\narguments, counterarguments and rebuttals they read. It aims to help students construct a\nwell-supported argument following a selected argumentation model clearly and\npersuasively.\n• Reflection on AI Use (5%): Students are required to reflect on the process of working with\nAI and critique AI-generated material, providing justification for the changes made in the\nfinal paper.', '2025-12-11 04:52:53.147216+00'),
('c9649c84-6301-4209-afd6-ee6b291f184e', 'c7ea6ff9-f68d-48b8-99ee-531ff5d316fd', 'Naina', 'Use same files as the draft version', '2025-12-11 04:53:04.196834+00'),
('1638b9f4-1ba9-4573-a405-8f01a3ad5380', 'c6272b82-0024-405f-8a9d-875ed279af34', 'Simon', E'we need to know the rough timeline - when the assignment will become available and how much time the students typically have to complete the assignment\nso this is in-class \nweek 9 to do the in-class \nthen we need to design the learning journey', '2025-12-11 05:11:41.460269+00'),
('feeca6d9-2a1a-40c0-a255-224ddc440f9e', 'c6272b82-0024-405f-8a9d-875ed279af34', 'Simon', E'let''s build a customised chatbot to guide the students to work on this assignment \nalso we need to connect this assignment with all the techniques and materials covered in the previous weeks \n15% of the final grade', '2025-12-11 05:14:14.930659+00'),
('c6b2a260-ea27-45bf-8121-954429e94c6d', 'faff65e2-043b-4e82-86f3-07c0ebd14a1e', 'Naina', E'Critical Response to Academic Arguments (20%) (In-class)\n• Students will listen to a short audio clip, which begins with background information of a\ntopic, followed by an argument. Afterwards, students will be given time to prepare and\npresent a verbal response in the form of a summary and a rebuttal of the argument they\nheard.\n\nLink : https://hkbuhk.sharepoint.com/sites/AllStudents_LC/Shared%20Documents/Forms/AllItems.aspx?id=%2Fsites%2FAllStudents%5FLC%2FShared%20Documents%2FMoodle%2FEnglish%2FUCLC1008%20University%20English%20I%2FUE1%5F202526%2FUE1%5F2526S1%2FCritical%20Response%20to%20Academic%20Arguments&p=true&ga=1', '2025-12-11 05:44:15.481106+00'),
('d17a906d-c748-48df-b7cf-24ec339e9446', 'e81829ff-9ff5-489d-93cd-853b21f3142a', 'Naina', E'Reflective Learning Portfolio (10%) (Due the week after week 13 - NO LATE submission)\n• Students will engage in a reflective analysis of two to three learning episodes during the\nprocess of using AI tools throughout the course. In the 500-word portfolio, students are\nrequired to critically compare their original work with AI-generated versions and explain the\nrationale behind the extent of adoption or rejection in their final submission. The portfolio\nmust include a comprehensive record of interactions with AI tools, documenting dialogues,\noriginal drafts, revisions, and final versions. The goal of this assignment is to help students\nuse AI as a learning partner to constantly reflect on the evolution of their work and to\nenhance their self-directed learning skills.', '2025-12-11 05:49:42.064949+00');

-- =============================================================================
-- TABLE: student_api_usage (60 rows - COMPLETE)
-- =============================================================================
DELETE FROM student_api_usage;

INSERT INTO student_api_usage (id, student_id, usage_date, request_count, prompt_tokens, completion_tokens, total_tokens, created_at, updated_at) VALUES
('f5712162-5568-4f3c-b75d-08296c2fe05a', 'anonymous', '2026-01-11', 3, 0, 0, 0, '2026-01-11 03:09:10.236251+00', '2026-01-11 03:27:10.607434+00'),
('0bbdddb5-dff8-4fdb-84ff-3bb4171f594b', 'anonymous', '2026-01-12', 2, 0, 0, 0, '2026-01-12 16:10:06.520936+00', '2026-01-12 17:20:17.940876+00'),
('7c6f17b0-4ac6-43f6-896f-c7931a74839f', 'test-student-123', '2026-01-12', 1, 0, 0, 0, '2026-01-12 16:10:24.875617+00', '2026-01-12 16:10:24.875617+00'),
('f96dddc0-2ff0-406f-9df1-5bd81fc7fea3', '1989-SW-TC', '2026-01-14', 1, 394, 157, 551, '2026-01-14 02:10:03.300242+00', '2026-01-14 06:11:36.982461+00'),
('0af00e3b-4219-434a-8478-0738b72138a1', '4201-NX-JX', '2026-01-14', 0, 533, 185, 718, '2026-01-14 07:20:22.059772+00', '2026-01-14 07:21:27.243411+00'),
('74fc3e82-aa32-400a-a7f4-8adc5874e542', '7837-HA-SR', '2026-01-14', 0, 274, 72, 346, '2026-01-14 08:48:42.118138+00', '2026-01-14 08:48:42.118138+00'),
('c0e47d9c-6295-47f5-9597-efa1eb6472bb', 'anonymous', '2026-01-15', 0, 539, 81, 620, '2026-01-15 11:59:09.932247+00', '2026-01-15 14:53:14.737341+00'),
('eae767b0-edba-4dca-bd50-b7a9b25a8dbc', 'TEACHER_1PS2TG0', '2026-01-16', 0, 227, 93, 320, '2026-01-16 07:20:41.965027+00', '2026-01-16 07:20:41.965027+00'),
('687d1307-31e4-453a-a844-26bca60eeec3', '7837-HA-SR', '2026-01-16', 0, 3276, 1898, 5174, '2026-01-16 07:53:03.563149+00', '2026-01-16 09:06:48.657266+00'),
('c20f1666-6d2d-43b0-b154-18c59caa0fab', '4226-BC-53', '2026-01-16', 0, 3493, 1815, 5308, '2026-01-16 07:58:12.997705+00', '2026-01-16 09:13:20.292364+00'),
('22e04c28-7e99-424e-a38a-eddd279ad222', '5559-YW-VT', '2026-01-16', 0, 5797, 3725, 9522, '2026-01-16 07:58:33.826998+00', '2026-01-16 09:18:09.596531+00'),
('68c073a4-b2ee-48a5-8064-bb1c68154824', '3922-SW-53', '2026-01-16', 0, 1784, 1359, 3143, '2026-01-16 07:59:18.554078+00', '2026-01-16 09:14:43.89966+00'),
('548db0a4-6cf7-468e-b49e-4b8c79e46dd5', '1545-SW-XX', '2026-01-16', 0, 218, 70, 288, '2026-01-16 07:59:27.292936+00', '2026-01-16 07:59:27.292936+00'),
('f03cfba3-9a95-4ade-8de4-ecd63e49c06f', '5216-ZY-YF', '2026-01-16', 0, 1832, 1118, 2950, '2026-01-16 08:00:28.050435+00', '2026-01-16 08:36:19.36499+00'),
('dadc91ce-f0ff-44e4-9a57-827aee83f6fa', '4201-NX-JX', '2026-01-16', 0, 5058, 3515, 8573, '2026-01-16 08:00:49.95365+00', '2026-01-16 09:18:26.783808+00'),
('089bb486-f986-4b93-ac4a-b3bd580394d7', 'anonymous', '2026-01-16', 0, 2123, 1154, 3277, '2026-01-16 08:10:43.911669+00', '2026-01-16 09:11:53.936918+00'),
('3e7edf9b-dc2d-4d48-b6d2-96bd830bd2a7', '1758-TC-Y2', '2026-01-16', 0, 2086, 1400, 3486, '2026-01-16 08:11:04.575574+00', '2026-01-16 08:35:30.523523+00'),
('1f834ed0-7aac-4853-8871-3ceb4bfbedfc', '3949-YJ-ED', '2026-01-16', 0, 994, 781, 1775, '2026-01-16 08:11:08.685821+00', '2026-01-16 08:42:21.189778+00'),
('22d9391f-465d-41bd-bc40-dfcb89dd4174', '5475-RD-53', '2026-01-16', 0, 2235, 1658, 3893, '2026-01-16 08:11:29.996918+00', '2026-01-16 09:07:46.469671+00'),
('eb4f5c11-1e5c-4b23-8b79-cf8ab0228b5a', '8201-KL-4N', '2026-01-16', 0, 2213, 1366, 3579, '2026-01-16 08:11:39.855546+00', '2026-01-16 10:13:03.874258+00'),
('93e0ab02-68bc-40b2-be12-dab065a4e334', '5287-YY-M4', '2026-01-16', 0, 1709, 1126, 2835, '2026-01-16 08:11:40.751502+00', '2026-01-16 08:50:12.213155+00'),
('f27d87bd-cb98-4a7f-b92d-6c6881834def', '8576-DL-KM', '2026-01-16', 0, 1599, 1217, 2816, '2026-01-16 08:13:17.609238+00', '2026-01-16 08:37:17.599984+00'),
('9d1c364b-7c00-4197-a8c3-5088efb8d9ff', '3122-FK-HZ', '2026-01-16', 0, 3233, 1444, 4677, '2026-01-16 08:17:12.067115+00', '2026-01-16 09:07:35.181092+00'),
('6bd6bb2a-39ed-482c-bcae-2089fec4bf2c', '8592-HL-A8', '2026-01-16', 0, 2342, 1500, 3842, '2026-01-16 08:18:48.371596+00', '2026-01-16 09:09:28.172241+00'),
('58b17a37-cf43-4a1d-9a1c-62d11c1a9afe', '5459-MZ-A3', '2026-01-16', 0, 2609, 1818, 4427, '2026-01-16 08:19:50.339003+00', '2026-01-16 09:08:23.390396+00'),
('d05efdda-112a-4518-9db5-320a4a166122', '8549-YL-TV', '2026-01-16', 0, 1068, 882, 1950, '2026-01-16 08:20:24.245707+00', '2026-01-16 08:35:38.160742+00'),
('04de51d6-a5fe-4aba-8da4-a9a772cf1317', '2528-XL-XX', '2026-01-16', 0, 263, 201, 464, '2026-01-16 08:44:23.048324+00', '2026-01-16 08:44:23.048324+00'),
('81ccefe1-88de-4b71-a85c-6cae0045a0ad', '8201-KL-4N', '2026-01-17', 0, 353, 256, 609, '2026-01-17 05:22:58.780386+00', '2026-01-17 05:22:58.780386+00'),
('aa3ae031-8d76-4ebf-bc3f-705d82d1360e', '2528-XL-XX', '2026-01-19', 0, 4131, 2626, 6757, '2026-01-19 10:57:33.955764+00', '2026-01-19 12:56:51.68915+00'),
('321323d4-7f2f-46c9-9fc4-16b5bca253e7', 'anonymous', '2026-01-20', 1, 0, 0, 0, '2026-01-20 12:28:20.317235+00', '2026-01-20 12:28:20.317235+00'),
('5702a75b-88b8-4bb3-9c06-95f0d9de9143', '1989-SW-TC', '2026-01-20', 1, 276, 109, 385, '2026-01-20 12:29:51.2302+00', '2026-01-20 13:19:38.761566+00'),
('19252cf7-d2eb-4715-9fb2-6d2e819ced89', '4226-BC-53', '2026-01-21', 5, 0, 0, 0, '2026-01-21 06:42:52.618029+00', '2026-01-21 07:07:01.991396+00'),
('adfd5171-96a9-4dcd-a789-69dce80a1e70', '8576-DL-KM', '2026-01-21', 8, 0, 0, 0, '2026-01-21 06:46:39.783658+00', '2026-01-21 07:18:06.26291+00'),
('d7ac0fdc-232f-48a3-b79a-35c2bdb41874', '5475-RD-53', '2026-01-21', 7, 0, 0, 0, '2026-01-21 06:49:14.199588+00', '2026-01-21 07:11:02.686536+00'),
('5ea01679-98d1-4cf6-a38f-06c12ce9e8a2', '8201-KL-4N', '2026-01-21', 4, 0, 0, 0, '2026-01-21 06:49:17.682189+00', '2026-01-21 07:15:04.577591+00'),
('eda27033-9a8b-4f9d-b1d1-54d67e717175', '4201-NX-JX', '2026-01-21', 5, 0, 0, 0, '2026-01-21 06:49:36.592129+00', '2026-01-21 07:10:11.711848+00'),
('65023352-b8af-4fa7-9dc8-ec27c5ccf6d0', '3122-FK-HZ', '2026-01-21', 5, 0, 0, 0, '2026-01-21 06:50:10.095648+00', '2026-01-21 07:13:41.691543+00'),
('fbddf172-73ad-43e7-b8bd-a990b7b570c3', '5459-MZ-A3', '2026-01-21', 6, 0, 0, 0, '2026-01-21 06:50:35.90084+00', '2026-01-21 07:07:10.460698+00'),
('c31a948d-cc98-4a1d-9f6d-06d8ec49ee87', '3922-SW-53', '2026-01-21', 4, 0, 0, 0, '2026-01-21 06:51:01.127971+00', '2026-01-21 07:09:12.801401+00'),
('032df231-6586-48ab-8a13-4fb6ab143d28', '7837-HA-SR', '2026-01-21', 1, 0, 0, 0, '2026-01-21 06:51:26.702786+00', '2026-01-21 06:51:26.702786+00'),
('235283ed-f6b3-44ec-bdc3-ed03721829dc', '5559-YW-VT', '2026-01-21', 3, 0, 0, 0, '2026-01-21 06:51:54.758023+00', '2026-01-21 07:03:01.360196+00'),
('08b9fff9-574f-477b-8744-e4a38c6dcea0', '8549-YL-TV', '2026-01-21', 3, 0, 0, 0, '2026-01-21 06:53:34.725132+00', '2026-01-21 06:59:42.236904+00'),
('f7c15bba-0bd6-40cc-b4ec-e14538fd7024', '8592-HL-A8', '2026-01-21', 7, 0, 0, 0, '2026-01-21 06:53:34.977109+00', '2026-01-21 07:05:50.296607+00'),
('7b856917-ed37-4b68-ba36-bc200d5f3288', 'anonymous', '2026-01-21', 3, 0, 0, 0, '2026-01-21 06:54:09.536007+00', '2026-01-21 07:02:30.358115+00'),
('d5988d4e-2e08-4337-a773-e29c4f808a07', '3949-YJ-ED', '2026-01-21', 3, 0, 0, 0, '2026-01-21 06:54:22.511319+00', '2026-01-21 07:06:21.580294+00'),
('0990c1dc-2446-4bad-a4b3-33233c145a98', '1758-TC-Y2', '2026-01-21', 5, 0, 0, 0, '2026-01-21 06:54:42.71518+00', '2026-01-21 07:09:25.596147+00'),
('becdd566-3f57-488c-b94a-0763f892aaf1', '4465-SD-45', '2026-01-21', 7, 0, 0, 0, '2026-01-21 06:54:43.221532+00', '2026-01-21 07:11:50.378456+00'),
('d913e5a8-c069-4c84-9e76-3f43b778c6fa', '5216-ZY-RV', '2026-01-21', 4, 0, 0, 0, '2026-01-21 06:54:47.281976+00', '2026-01-21 07:09:07.396689+00'),
('852e53a8-33f2-492f-985d-69b241bcf1c5', '5287-YY-M4', '2026-01-21', 3, 0, 0, 0, '2026-01-21 06:54:49.131178+00', '2026-01-21 07:12:48.610077+00'),
('efe68ca2-0f80-4d01-adc3-866864a8ce21', '1989-SW-DV', '2026-01-22', 2, 0, 0, 0, '2026-01-22 09:31:51.34807+00', '2026-01-22 13:54:40.924615+00'),
('1be70174-783d-4f7d-8540-565f3f218602', '1989-SW-TC', '2026-01-22', 0, 306, 111, 417, '2026-01-22 10:10:30.764792+00', '2026-01-22 10:10:30.764792+00'),
('72b4a338-d0ad-44f0-8dc0-826108506523', '544db1df-ab3f-40f4-bacd-56c8c06f71e2', '2026-01-23', 8, 0, 0, 0, '2026-01-23 01:04:55.429241+00', '2026-01-23 03:55:48.454815+00'),
('094eeb8c-1b74-4209-a290-bbe8b3042d23', '1989-SW-TC', '2026-01-23', 0, 238, 106, 344, '2026-01-23 07:16:25.962328+00', '2026-01-23 07:16:25.962328+00'),
('9300be51-21b8-4ea6-98c8-731bef82374f', '8576-DL-KM', '2026-01-23', 11, 0, 0, 0, '2026-01-23 08:42:33.843148+00', '2026-01-23 09:20:54.035079+00'),
('99113589-a288-4247-aae5-6b6359f3b781', '3922-SW-53', '2026-01-23', 1, 0, 0, 0, '2026-01-23 09:08:54.064664+00', '2026-01-23 09:08:54.064664+00'),
('6d6749e1-0f1d-4488-9f12-f63feceb21ba', '4465-SD-45', '2026-01-23', 0, 431, 162, 593, '2026-01-23 09:13:54.372019+00', '2026-01-23 09:13:54.372019+00'),
('40456e2e-3726-41d8-843a-4957b67f532e', '5216-ZY-RV', '2026-01-23', 0, 1253, 449, 1702, '2026-01-23 09:16:28.185104+00', '2026-01-23 09:18:01.457004+00'),
('59330be2-a0f4-44c2-aede-4f01ae5d8245', '8201-KL-4N', '2026-01-27', 1, 0, 0, 0, '2026-01-27 10:40:24.58238+00', '2026-01-27 10:40:24.58238+00'),
('354435b6-c289-4fe8-b28d-a002abefe950', '2528-XL-XX', '2026-02-03', 12, 0, 0, 0, '2026-02-03 13:48:23.40755+00', '2026-02-03 14:00:41.558602+00'),
('1cf7f2ef-5eaf-4e9c-ad10-8ef8909b9fcb', '5548-XL-XX', '2026-02-04', 14, 0, 0, 0, '2026-02-04 00:50:13.624898+00', '2026-02-04 05:27:13.023453+00');

-- =============================================================================
-- Note: staff_materials and assignment_chat_history contain very long text/JSON 
-- content. For a complete export, use an Edge Function that returns JSON.
-- =============================================================================

SET session_replication_role = 'origin';

-- =============================================================================
-- EXPORT COMPLETE - 10 Tables with ALL rows included
-- =============================================================================
